Workbook

Sheet Output - Q3 Performance
A1: Tổng quan kết quả Q3/2026 - Khối Khách hàng Ưu tiên
A2: Đơn vị: tỷ đồng, trừ khi ghi chú khác. Tất cả số liệu liên kết từ sheet PL_Budget_Actual.
A4: Chỉ tiêu | B4: Q2/2026 TH | C4: Q3/2026 KH | D4: Q3/2026 TH | E4: % hoàn thành KH | F4: Tăng trưởng so với Q2
A5: Tổng thu nhập hoạt động | B5: =PL_Budget_Actual!B12 -> 898 | C5: =PL_Budget_Actual!C12 -> 927 | D5: =PL_Budget_Actual!D12 -> 917 | E5: =IFERROR(D5/C5,0) -> 0.98921251 | F5: =IFERROR(D5/B5-1,0) -> 0.021158129
A6: Thu nhập lãi thuần (NII) | B6: =PL_Budget_Actual!B6 -> 600 | C6: =PL_Budget_Actual!C6 -> 627 | D6: =PL_Budget_Actual!D6 -> 594 | E6: =IFERROR(D6/C6,0) -> 0.94736842 | F6: =IFERROR(D6/B6-1,0) -> -0.01
A7: Tổng thu phí dịch vụ | B7: =PL_Budget_Actual!B11 -> 298 | C7: =PL_Budget_Actual!C11 -> 300 | D7: =PL_Budget_Actual!D11 -> 323 | E7: =IFERROR(D7/C7,0) -> 1.0766667 | F7: =IFERROR(D7/B7-1,0) -> 0.083892617
A8: Lợi nhuận trước thuế | B8: =PL_Budget_Actual!B15 -> 596 | C8: =PL_Budget_Actual!C15 -> 624 | D8: =PL_Budget_Actual!D15 -> 569 | E8: =IFERROR(D8/C8,0) -> 0.91185897 | F8: =IFERROR(D8/B8-1,0) -> -0.045302013
A9: Số dư huy động | B9: =PL_Budget_Actual!B17 -> 56900 | C9: =PL_Budget_Actual!C17 -> 60500 | D9: =PL_Budget_Actual!D17 -> 58400 | E9: =IFERROR(D9/C9,0) -> 0.96528926 | F9: =IFERROR(D9/B9-1,0) -> 0.026362039
A10: Tỷ lệ CASA | B10: =PL_Budget_Actual!B19 -> 0.18101933 | C10: =PL_Budget_Actual!C19 -> 0.19008264 | D10: =PL_Budget_Actual!D19 -> 0.16523973 | E10: n/a | F10: =D10-B10 -> -0.015779606
A11: Dư nợ cho vay | B11: =PL_Budget_Actual!B20 -> 19800 | C11: =PL_Budget_Actual!C20 -> 21000 | D11: =PL_Budget_Actual!D20 -> 21600 | E11: =IFERROR(D11/C11,0) -> 1.0285714 | F11: =IFERROR(D11/B11-1,0) -> 0.090909091
A12: Tỷ lệ NPL | B12: =PL_Budget_Actual!B24 -> 0.0095 | C12: =PL_Budget_Actual!C24 -> 0.01 | D12: =PL_Budget_Actual!D24 -> 0.0132 | E12: n/a | F12: =D12-B12 -> 0.0037
A13: AUM | B13: =PL_Budget_Actual!B25 -> 95700 | C13: =PL_Budget_Actual!C25 -> 101000 | D13: =PL_Budget_Actual!D25 -> 98500 | E13: =IFERROR(D13/C13,0) -> 0.97524752 | F13: =IFERROR(D13/B13-1,0) -> 0.029258098
A14: Số khách hàng Exclusive | B14: =PL_Budget_Actual!B26 -> 19050 | C14: =PL_Budget_Actual!C26 -> 19600 | D14: =PL_Budget_Actual!D26 -> 19240 | E14: =IFERROR(D14/C14,0) -> 0.98163265 | F14: =IFERROR(D14/B14-1,0) -> 0.0099737533
A16: Ghi chú: với các chỉ tiêu tỷ lệ, cột tăng trưởng thể hiện chênh lệch điểm phần trăm.

Sheet Danh mục RM
A1: Danh mục khách hàng theo RM - Khối Khách hàng Ưu tiên, 30/09/2026
A2: Đơn vị: tỷ đồng (số dư cuối kỳ; thu nhập phát sinh trong Q3/2026). Mã RM đã ẩn danh. Số liệu giả tưởng.
A4: Mã RM | B4: Trung tâm | C4: Vùng | D4: Thâm niên (năm) | E4: Số KH | F4: Huy động | G4: Trong đó CASA | H4: Dư nợ | I4: AUM | J4: Phí bancassurance Q3 | K4: Phí dịch vụ khác Q3 | L4: NII Q3
A5: RM001 | B5: Exclusive Sài Gòn | C5: Miền Nam | D5: 7 | E5: 63 | F5: 196.1 | G5: 37.3 | H5: 74.9 | I5: 354 | J5: 0.54 | K5: 0.54 | L5: 1.66
A6: RM002 | B6: Exclusive Sài Gòn | C6: Miền Nam | D6: 6 | E6: 113 | F6: 370.6 | G6: 57.6 | H6: 123.7 | I6: 537 | J6: 1.06 | K6: 0.94 | L6: 3.54
A7: RM003 | B7: Exclusive Sài Gòn | C7: Miền Nam | D7: 10 | E7: 89 | F7: 313.6 | G7: 50.5 | H7: 134.8 | I7: 521.3 | J7: 0.74 | K7: 0.95 | L7: 3.02
A8: RM004 | B8: Exclusive Sài Gòn | C8: Miền Nam | D8: 2 | E8: 99 | F8: 311.9 | G8: 51.9 | H8: 130.7 | I8: 594.2 | J8: 0.86 | K8: 0.72 | L8: 3.17
A9: RM005 | B9: Exclusive Sài Gòn | C9: Miền Nam | D9: 5 | E9: 63 | F9: 275.5 | G9: 47.2 | H9: 96.4 | I9: 405.8 | J9: 0.72 | K9: 0.75 | L9: 2.46
A10: RM006 | B10: Exclusive Sài Gòn | C10: Miền Nam | D10: 7 | E10: 69 | F10: 248.7 | G10: 47.3 | H10: 80.7 | I10: 431.4 | J10: 0.45 | K10: 0.6 | L10: 2.03
A11: RM007 | B11: Exclusive Sài Gòn | C11: Miền Nam | D11: 7 | E11: 56 | F11: 150.8 | G11: 26.4 | H11: 53.9 | I11: 286.8 | J11: 0.36 | K11: 0.53 | L11: 1.59
A12: RM008 | B12: Exclusive Sài Gòn | C12: Miền Nam | D12: 6 | E12: 84 | F12: 306 | G12: 59 | H12: 73.3 | I12: 439.4 | J12: 0.86 | K12: 0.73 | L12: 2.52
A13: RM009 | B13: Exclusive Sài Gòn | C13: Miền Nam | D13: 5 | E13: 93 | F13: 306.6 | G13: 48.1 | H13: 75.4 | I13: 575.7 | J13: 0.86 | K13: 0.85 | L13: 2.95
A14: RM010 | B14: Exclusive Sài Gòn | C14: Miền Nam | D14: 3 | E14: 75 | F14: 275.5 | G14: 46.6 | H14: 106.1 | I14: 508.9 | J14: 0.71 | K14: 0.86 | L14: 2.73
A15: RM011 | B15: Exclusive Sài Gòn | C15: Miền Nam | D15: 2 | E15: 67 | F15: 250.6 | G15: 48.1 | H15: 64.5 | I15: 446.4 | J15: 0.47 | K15: 0.61 | L15: 2.25
A16: RM012 | B16: Exclusive Sài Gòn | C16: Miền Nam | D16: 10 | E16: 104 | F16: 384.4 | G16: 57 | H16: 141.6 | I16: 630.2 | J16: 0.92 | K16: 0.82 | L16: 2.93
... A244: RM240 | B244: Exclusive Ninh Kiều | C244: Miền Nam | D244: 4 | E244: 69 | F244: 118.7 | G244: 15.9 | H244: 51.9 | I244: 176.6 | J244: 0.53 | K244: 0.28 | L244: 1.81

Sheet Thu nhập tháng
A1: Thu nhập hoạt động theo tháng - Khối Khách hàng Ưu tiên, 9 tháng 2026
A2: Đơn vị: tỷ đồng. NII = thu nhập lãi thuần sau điều chuyển vốn nội bộ (FTP). KH = kế hoạch, TH = thực hiện.
A4: Tháng | B4: NII KH | C4: Phí dịch vụ KH | D4: Tổng thu nhập KH | E4: NII TH | F4: Phí dịch vụ TH | G4: Tổng thu nhập TH | H4: Chênh lệch TH - KH | I4: % so với KH
A5: T1/2026 | B5: 190 | C5: 88 | D5: =B5+C5 -> 278 | E5: 192 | F5: 93 | G5: =E5+F5 -> 285 | H5: =G5-D5 -> 7 | I5: =IFERROR(G5/D5-1,0) -> 0.025179856
A6: T2/2026 | B6: 186 | C6: 80 | D6: =B6+C6 -> 266 | E6: 180 | F6: 78 | G6: =E6+F6 -> 258 | H6: =G6-D6 -> -8 | I6: =IFERROR(G6/D6-1,0) -> -0.030075188
A7: T3/2026 | B7: 194 | C7: 90 | D7: =B7+C7 -> 284 | E7: 197 | F7: 96 | G7: =E7+F7 -> 293 | H7: =G7-D7 -> 9 | I7: =IFERROR(G7/D7-1,0) -> 0.031690141
A8: T4/2026 | B8: 197 | C8: 92 | D8: =B8+C8 -> 289 | E8: 199 | F8: 99 | G8: =E8+F8 -> 298 | H8: =G8-D8 -> 9 | I8: =IFERROR(G8/D8-1,0) -> 0.031141869
A9: T5/2026 | B9: 200 | C9: 94 | D9: =B9+C9 -> 294 | E9: 196 | F9: 95 | G9: =E9+F9 -> 291 | H9: =G9-D9 -> -3 | I9: =IFERROR(G9/D9-1,0) -> -0.010204082
A10: T6/2026 | B10: 203 | C10: 96 | D10: =B10+C10 -> 299 | E10: 205 | F10: 104 | G10: =E10+F10 -> 309 | H10: =G10-D10 -> 10 | I10: =IFERROR(G10/D10-1,0) -> 0.033444816
A11: T7/2026 | B11: 206 | C11: 98 | D11: =B11+C11 -> 304 | E11: 202 | F11: 112 | G11: =E11+F11 -> 314 | H11: =G11-D11 -> 10 | I11: =IFERROR(G11/D11-1,0) -> 0.032894737
A12: T8/2026 | B12: 209 | C12: 100 | D12: =B12+C12 -> 309 | E12: 188 | F12: 93 | G12: =E12+F12 -> 281 | H12: =G12-D12 -> -28 | I12: =IFERROR(G12/D12-1,0) -> -0.090614887
A13: T9/2026 | B13: 212 | C13: 102 | D13: =B13+C13 -> 314 | E13: 204 | F13: 118 | G13: =E13+F13 -> 322 | H13: =G13-D13 -> 8 | I13: =IFERROR(G13/D13-1,0) -> 0.025477707
A14: Lũy kế 9T | B14: =SUM(B5:B13) -> 1797 | C14: =SUM(C5:C13) -> 840 | D14: =SUM(D5:D13) -> 2637 | E14: =SUM(E5:E13) -> 1763 | F14: =SUM(F5:F13) -> 888 | G14: =SUM(G5:G13) -> 2651 | H14: =SUM(H5:H13) -> 14 | I14: =IFERROR(G14/D14-1,0) -> 0.0053090633

Sheet PL_Budget_Actual
A1: Kết quả kinh doanh Khối Khách hàng Ưu tiên - Kế hoạch và thực hiện Q3/2026
A2: Đơn vị: tỷ đồng, trừ khi ghi chú khác. Số dư là số cuối kỳ. Chi phí ghi số dương.
A4: Khoản mục | B4: Q2/2026 TH | C4: Q3/2026 KH | D4: Q3/2026 TH | E4: TH vs KH | F4: % vs KH | G4: TH vs Q2 | H4: % vs Q2 | I4: Ghi chú
A5: KẾT QUẢ KINH DOANH
A6: Thu nhập lãi thuần (NII) | B6: 600 | C6: 627 | D6: 594 | E6: =D6-C6 -> -33 | F6: =IFERROR(D6/C6-1,0) -> -0.052631579 | G6: =D6-B6 -> -6 | H6: =IFERROR(D6/B6-1,0) -> -0.01 | I6: Chi phí vốn tăng do huy động có kỳ hạn lãi suất cao
A7: Phí bancassurance | B7: 140 | C7: 122 | D7: 168 | E7: =D7-C7 -> 46 | F7: =IFERROR(D7/C7-1,0) -> 0.37704918 | G7: =D7-B7 -> 28 | H7: =IFERROR(D7/B7-1,0) -> 0.2 | I7: Doanh số bảo hiểm liên kết đầu tư tăng mạnh
A8: Phí wealth management, trái phiếu, CCQ | B8: 68 | C8: 78 | D8: 62 | E8: =D8-C8 -> -16 | F8: =IFERROR(D8/C8-1,0) -> -0.20512821 | G8: =D8-B8 -> -6 | H8: =IFERROR(D8/B8-1,0) -> -0.088235294
A9: Phí thẻ và thanh toán | B9: 47 | C9: 52 | D9: 48 | E9: =D9-C9 -> -4 | F9: =IFERROR(D9/C9-1,0) -> -0.076923077 | G9: =D9-B9 -> 1 | H9: =IFERROR(D9/B9-1,0) -> 0.021276596
A10: Phí ngoại hối và chuyển tiền quốc tế | B10: 43 | C10: 48 | D10: 45 | E10: =D10-C10 -> -3 | F10: =IFERROR(D10/C10-1,0) -> -0.0625 | G10: =D10-B10 -> 2 | H10: =IFERROR(D10/B10-1,0) -> 0.046511628
A11: Tổng thu phí dịch vụ | B11: =SUM(B7:B10) -> 298 | C11: =SUM(C7:C10) -> 300 | D11: =SUM(D7:D10) -> 323 | E11: =D11-C11 -> 23 | F11: =IFERROR(D11/C11-1,0) -> 0.076666667 | G11: =D11-B11 -> 25 | H11: =IFERROR(D11/B11-1,0) -> 0.083892617
A12: Tổng thu nhập hoạt động | B12: =B6+B11 -> 898 | C12: =C6+C11 -> 927 | D12: =D6+D11 -> 917 | E12: =D12-C12 -> -10 | F12: =IFERROR(D12/C12-1,0) -> -0.010787487 | G12: =D12-B12 -> 19 | H12: =IFERROR(D12/B12-1,0) -> 0.021158129
A13: Chi phí hoạt động | B13: 250 | C13: 255 | D13: 262 | E13: =D13-C13 -> 7 | F13: =IFERROR(D13/C13-1,0) -> 0.02745098 | G13: =D13-B13 -> 12 | H13: =IFERROR(D13/B13-1,0) -> 0.048
A14: Chi phí dự phòng rủi ro tín dụng | B14: 52 | C14: 48 | D14: 86 | E14: =D14-C14 -> 38 | F14: =IFERROR(D14/C14-1,0) -> 0.79166667 | G14: =D14-B14 -> 34 | H14: =IFERROR(D14/B14-1,0) -> 0.65384615 | I14: Trích bổ sung cho nhóm vay đầu tư BĐS, chứng khoán
A15: Lợi nhuận trước thuế | B15: =B12-B13-B14 -> 596 | C15: =C12-C13-C14 -> 624 | D15: =D12-D13-D14 -> 569 | E15: =D15-C15 -> -55 | F15: =IFERROR(D15/C15-1,0) -> -0.088141026 | G15: =D15-B15 -> -27 | H15: =IFERROR(D15/B15-1,0) -> -0.045302013
A16: QUY MÔ VÀ CHẤT LƯỢNG DANH MỤC
A17: Số dư huy động | B17: 56900 | C17: 60500 | D17: 58400 | E17: =D17-C17 -> -2100 | F17: =IFERROR(D17/C17-1,0) -> -0.034710744 | G17: =D17-B17 -> 1500 | H17: =IFERROR(D17/B17-1,0) -> 0.026362039
A18: Trong đó: tiền gửi không kỳ hạn (CASA) | B18: 10300 | C18: 11500 | D18: 9650 | E18: =D18-C18 -> -1850 | F18: =IFERROR(D18/C18-1,0) -> -0.16086957 | G18: =D18-B18 -> -650 | H18: =IFERROR(D18/B18-1,0) -> -0.063106796
A19: Tỷ lệ CASA | B19: =B18/B17 -> 0.18101933 | C19: =C18/C17 -> 0.19008264 | D19: =D18/D17 -> 0.16523973 | E19: =D19-C19 -> -0.024842919 | F19: điểm % | G19: =D19-B19 -> -0.015779606 | H19: điểm %
A20: Dư nợ cho vay | B20: 19800 | C20: 21000 | D20: 21600 | E20: =D20-C20 -> 600 | F20: =IFERROR(D20/C20-1,0) -> 0.028571429 | G20: =D20-B20 -> 1800 | H20: =IFERROR(D20/B20-1,0) -> 0.090909091
A21: Trong đó: cho vay đầu tư BĐS và chứng khoán | B21: 6900 | C21: 7100 | D21: 8450 | E21: =D21-C21 -> 1350 | F21: =IFERROR(D21/C21-1,0) -> 0.19014085 | G21: =D21-B21 -> 1550 | H21: =IFERROR(D21/B21-1,0) -> 0.22463768 | I21: Tăng 22,5% so với Q2
A22: Tỷ trọng cho vay BĐS và chứng khoán | B22: =B21/B20 -> 0.34848485 | C22: =C21/C20 -> 0.33809524 | D22: =D21/D20 -> 0.3912037 | E22: =D22-C22 -> 0.053108466 | F22: điểm % | G22: =D22-B22 -> 0.042718855 | H22: điểm %
A23: Tỷ lệ nợ nhóm 2 (%) | B23: 0.019 | C23: 0.018 | D23: 0.029 | E23: =D23-C23 -> 0.011 | F23: điểm % | G23: =D23-B23 -> 0.01 | H23: điểm %
A24: Tỷ lệ nợ xấu - NPL (%) | B24: 0.0095 | C24: 0.01 | D24: 0.0132 | E24: =D24-C24 -> 0.0032 | F24: điểm % | G24: =D24-B24 -> 0.0037 | H24: điểm %
A25: Tài sản khách hàng quản lý (AUM) | B25: 95700 | C25: 101000 | D25: 98500 | E25: =D25-C25 -> -2500 | F25: =IFERROR(D25/C25-1,0) -> -0.024752475 | G25: =D25-B25 -> 2800 | H25: =IFERROR(D25/B25-1,0) -> 0.029258098 | I25: Đầu năm 2026: 96.800 tỷ đồng
A26: Số khách hàng Exclusive (người) | B26: 19050 | C26: 19600 | D26: 19240 | E26: =D26-C26 -> -360 | F26: =IFERROR(D26/C26-1,0) -> -0.018367347 | G26: =D26-B26 -> 190 | H26: =IFERROR(D26/B26-1,0) -> 0.0099737533
A27: Số RM Ưu tiên (người) | B27: 240 | C27: 240 | D27: 240 | E27: =D27-C27 -> 0 | F27: =IFERROR(D27/C27-1,0) -> 0 | G27: =D27-B27 -> 0 | H27: =IFERROR(D27/B27-1,0) -> 0
A28: CHỈ SỐ HIỆU QUẢ
A29: Tỷ trọng phí bancassurance / tổng phí | B29: =B7/B11 -> 0.46979866 | C29: =C7/C11 -> 0.40666667 | D29: =D7/D11 -> 0.52012384 | E29: =D29-C29 -> 0.11345717 | F29: điểm % | G29: =D29-B29 -> 0.050325181 | H29: điểm %
A30: Tỷ lệ chi phí trên thu nhập (CIR) | B30: =B13/B12 -> 0.27839644 | C30: =C13/C12 -> 0.27508091 | D30: =D13/D12 -> 0.28571429 | E30: =D30-C30 -> 0.01063338 | F30: điểm % | G30: =D30-B30 -> 0.0073178492 | H30: điểm %
A31: Thu nhập hoạt động bình quân / RM | B31: =B12/B27 -> 3.7416667 | C31: =C12/C27 -> 3.8625 | D31: =D12/D27 -> 3.8208333 | E31: =D31-C31 -> -0.041666667 | F31: =IFERROR(D31/C31-1,0) -> -0.010787487 | G31: =D31-B31 -> 0.079166667 | H31: =IFERROR(D31/B31-1,0) -> 0.021158129

Sheet TrialBalance
A1: Bảng cân đối thử - Ngân hàng (hợp nhất), 30/09/2026
A2: Đơn vị: tỷ đồng. Tài khoản thu nhập, chi phí là số phát sinh lũy kế 9 tháng 2026. Số liệu giả tưởng.
A4: Số hiệu TK | B4: Tên tài khoản | C4: Phân loại | D4: Dư Nợ | E4: Dư Có
A5: 1011 | B5: Tiền mặt, vàng bạc, đá quý | C5: Tài sản | D5: 4200 | E5: 0
A6: 1113 | B6: Tiền gửi tại Ngân hàng Nhà nước | C6: Tài sản | D6: 9800 | E6: 0
A7: 1311 | B7: Tiền gửi và cho vay các TCTD khác | C7: Tài sản | D7: 38500 | E7: 0
A8: 1411 | B8: Chứng khoán kinh doanh | C8: Tài sản | D8: 2100 | E8: 0
A9: 1511 | B9: Chứng khoán đầu tư | C9: Tài sản | D9: 52600 | E9: 0
A10: 2111 | B10: Cho vay khách hàng | C10: Tài sản | D10: 196000 | E10: 0
A11: 2191 | B11: Dự phòng rủi ro cho vay khách hàng | C11: Tài sản (giảm trừ) | D11: 0 | E11: 3050
A12: 3011 | B12: Tài sản cố định | C12: Tài sản | D12: 2900 | E12: 0
A13: 3591 | B13: Tài sản Có khác | C13: Tài sản | D13: 25100 | E13: 0
A14: 4111 | B14: Tiền gửi và vay các TCTD khác | C14: Nợ phải trả | D14: 0 | E14: 41200
A15: 4211 | B15: Tiền gửi của khách hàng | C15: Nợ phải trả | D15: 0 | E15: 232400
A16: 4311 | B16: Phát hành giấy tờ có giá | C16: Nợ phải trả | D16: 0 | E16: 18600
... A31: 8911 | B31: Chi phí thuế thu nhập doanh nghiệp | C31: Chi phí | D31: 1100 | E31: 0
B32: Tổng cộng | D32: =SUM(D5:D31) -> 353540 | E32: =SUM(E5:E31) -> 353540
B33: Kiểm tra: Dư Nợ - Dư Có (phải bằng 0) | D33: =D32-E32 -> 0

Sheet UnitEconomics
A1: Hiệu quả theo Trung tâm Exclusive - Q3/2026
A2: Đơn vị: tỷ đồng. Các cột số RM đến thu nhập lấy công thức từ sheet Danh mục RM; chi phí hoạt động Q3 là số phân bổ của Phòng Tài chính (nhập tay).
A4: Trung tâm | B4: Vùng | C4: Số RM | D4: Số KH | E4: KH / RM | F4: AUM | G4: AUM / KH | H4: Huy động | I4: Tỷ lệ CASA | J4: Dư nợ | K4: Thu nhập Q3 | L4: Thu nhập / RM | M4: Chi phí hoạt động Q3 | N4: CIR
A5: Exclusive Sài Gòn | B5: Miền Nam | C5: =COUNTIF('Danh mục RM'!$B$5:$B$244,$A5) -> 30 | D5: =SUMIFS('Danh mục RM'!$E$5:$E$244,'Danh mục RM'!$B$5:$B$244,$A5) -> 2251 | E5: =IFERROR(D5/C5,0) -> 75.033333 | F5: =SUMIFS('Danh mục RM'!$I$5:$I$244,'Danh mục RM'!$B$5:$B$244,$A5) -> 13472 | G5: =IFERROR(F5/D5,0) -> 5.9848956 | H5: =SUMIFS('Danh mục RM'!$F$5:$F$244,'Danh mục RM'!$B$5:$B$244,$A5) -> 7906 | I5: =IFERROR(SUMIFS('Danh mục RM'!$G$5:$G$244,'Danh mục RM'!$B$5:$B$244,$A5)/H5,0) -> 0.1687832 | J5: =SUMIFS('Danh mục RM'!$H$5:$H$244,'Danh mục RM'!$B$5:$B$244,$A5) -> 2465.2 | K5: =SUMIFS('Danh mục RM'!$J$5:$J$244,'Danh mục RM'!$B$5:$B$244,$A5)+SUMIFS('Danh mục RM'!$K$5:$K$244,'Danh mục RM'!$B$5:$B$244,$A5)+SUMIFS('Danh mục RM'!$L$5:$L$244,'Danh mục RM'!$B$5:$B$244,$A5) -> 110.04 | L5: =IFERROR(K5/C5,0) -> 3.668 | M5: 31.5 | N5: =IFERROR(M5/K5,0) -> 0.28625954
A6: Exclusive Phú Mỹ Hưng | B6: Miền Nam | C6: =COUNTIF('Danh mục RM'!$B$5:$B$244,$A6) -> 22 | D6: =SUMIFS('Danh mục RM'!$E$5:$E$244,'Danh mục RM'!$B$5:$B$244,$A6) -> 1703 | E6: =IFERROR(D6/C6,0) -> 77.409091 | F6: =SUMIFS('Danh mục RM'!$I$5:$I$244,'Danh mục RM'!$B$5:$B$244,$A6) -> 9601.9 | G6: =IFERROR(F6/D6,0) -> 5.6382267 | H6: =SUMIFS('Danh mục RM'!$F$5:$F$244,'Danh mục RM'!$B$5:$B$244,$A6) -> 5553.6 | I6: =IFERROR(SUMIFS('Danh mục RM'!$G$5:$G$244,'Danh mục RM'!$B$5:$B$244,$A6)/H6,0) -> 0.16418179 | J6: =SUMIFS('Danh mục RM'!$H$5:$H$244,'Danh mục RM'!$B$5:$B$244,$A6) -> 2264.9 | K6: =SUMIFS('Danh mục RM'!$J$5:$J$244,'Danh mục RM'!$B$5:$B$244,$A6)+SUMIFS('Danh mục RM'!$K$5:$K$244,'Danh mục RM'!$B$5:$B$244,$A6)+SUMIFS('Danh mục RM'!$L$5:$L$244,'Danh mục RM'!$B$5:$B$244,$A6) -> 82.76 | L6: =IFERROR(K6/C6,0) -> 3.7618182 | M6: 23.9 | N6: =IFERROR(M6/K6,0) -> 0.28878685
A7: Exclusive Thảo Điền | B7: Miền Nam | C7: =COUNTIF('Danh mục RM'!$B$5:$B$244,$A7) -> 20 | D7: =SUMIFS('Danh mục RM'!$E$5:$E$244,'Danh mục RM'!$B$5:$B$244,$A7) -> 1728 | E7: =IFERROR(D7/C7,0) -> 86.4 | F7: =SUMIFS('Danh mục RM'!$I$5:$I$244,'Danh mục RM'!$B$5:$B$244,$A7) -> 12581.8 | G7: =IFERROR(F7/D7,0) -> 7.2811343 | H7: =SUMIFS('Danh mục RM'!$F$5:$F$244,'Danh mục RM'!$B$5:$B$244,$A7) -> 7814.6 | I7: =IFERROR(SUMIFS('Danh mục RM'!$G$5:$G$244,'Danh mục RM'!$B$5:$B$244,$A7)/H7,0) -> 0.19184603 | J7: =SUMIFS('Danh mục RM'!$H$5:$H$244,'Danh mục RM'!$B$5:$B$244,$A7) -> 1769.1 | K7: =SUMIFS('Danh mục RM'!$J$5:$J$244,'Danh mục RM'!$B$5:$B$244,$A7)+SUMIFS('Danh mục RM'!$K$5:$K$244,'Danh mục RM'!$B$5:$B$244,$A7)+SUMIFS('Danh mục RM'!$L$5:$L$244,'Danh mục RM'!$B$5:$B$244,$A7) -> 86.95 | L7: =IFERROR(K7/C7,0) -> 4.3475 | M7: 20.2 | N7: =IFERROR(M7/K7,0) -> 0.23231742
A8: Exclusive Tân Bình | B8: Miền Nam | C8: =COUNTIF('Danh mục RM'!$B$5:$B$244,$A8) -> 18 | D8: =SUMIFS('Danh mục RM'!$E$5:$E$244,'Danh mục RM'!$B$5:$B$244,$A8) -> 1325 | E8: =IFERROR(D8/C8,0) -> 73.611111 | F8: =SUMIFS('Danh mục RM'!$I$5:$I$244,'Danh mục RM'!$B$5:$B$244,$A8) -> 5767 | G8: =IFERROR(F8/D8,0) -> 4.3524528 | H8: =SUMIFS('Danh mục RM'!$F$5:$F$244,'Danh mục RM'!$B$5:$B$244,$A8) -> 3305.9 | I8: =IFERROR(SUMIFS('Danh mục RM'!$G$5:$G$244,'Danh mục RM'!$B$5:$B$244,$A8)/H8,0) -> 0.14407574 | J8: =SUMIFS('Danh mục RM'!$H$5:$H$244,'Danh mục RM'!$B$5:$B$244,$A8) -> 1665.9 | K8: =SUMIFS('Danh mục RM'!$J$5:$J$244,'Danh mục RM'!$B$5:$B$244,$A8)+SUMIFS('Danh mục RM'!$K$5:$K$244,'Danh mục RM'!$B$5:$B$244,$A8)+SUMIFS('Danh mục RM'!$L$5:$L$244,'Danh mục RM'!$B$5:$B$244,$A8) -> 62.65 | L8: =IFERROR(K8/C8,0) -> 3.4805556 | M8: 21.7 | N8: =IFERROR(M8/K8,0) -> 0.34636872
A9: Exclusive Phú Nhuận | B9: Miền Nam | C9: =COUNTIF('Danh mục RM'!$B$5:$B$244,$A9) -> 16 | D9: =SUMIFS('Danh mục RM'!$E$5:$E$244,'Danh mục RM'!$B$5:$B$244,$A9) -> 1292 | E9: =IFERROR(D9/C9,0) -> 80.75 | F9: =SUMIFS('Danh mục RM'!$I$5:$I$244,'Danh mục RM'!$B$5:$B$244,$A9) -> 5958.3 | G9: =IFERROR(F9/D9,0) -> 4.6116873 | H9: =SUMIFS('Danh mục RM'!$F$5:$F$244,'Danh mục RM'!$B$5:$B$244,$A9) -> 3504.2 | I9: =IFERROR(SUMIFS('Danh mục RM'!$G$5:$G$244,'Danh mục RM'!$B$5:$B$244,$A9)/H9,0) -> 0.16628617 | J9: =SUMIFS('Danh mục RM'!$H$5:$H$244,'Danh mục RM'!$B$5:$B$244,$A9) -> 1437.7 | K9: =SUMIFS('Danh mục RM'!$J$5:$J$244,'Danh mục RM'!$B$5:$B$244,$A9)+SUMIFS('Danh mục RM'!$K$5:$K$244,'Danh mục RM'!$B$5:$B$244,$A9)+SUMIFS('Danh mục RM'!$L$5:$L$244,'Danh mục RM'!$B$5:$B$244,$A9) -> 62.22 | L9: =IFERROR(K9/C9,0) -> 3.88875 | M9: 17.5 | N9: =IFERROR(M9/K9,0) -> 0.28126005
A10: Exclusive Hoàn Kiếm | B10: Miền Bắc | C10: =COUNTIF('Danh mục RM'!$B$5:$B$244,$A10) -> 28 | D10: =SUMIFS('Danh mục RM'!$E$5:$E$244,'Danh mục RM'!$B$5:$B$244,$A10) -> 2299 | E10: =IFERROR(D10/C10,0) -> 82.107143 | F10: =SUMIFS('Danh mục RM'!$I$5:$I$244,'Danh mục RM'!$B$5:$B$244,$A10) -> 14131.9 | G10: =IFERROR(F10/D10,0) -> 6.1469769 | H10: =SUMIFS('Danh mục RM'!$F$5:$F$244,'Danh mục RM'!$B$5:$B$244,$A10) -> 8100.3 | I10: =IFERROR(SUMIFS('Danh mục RM'!$G$5:$G$244,'Danh mục RM'!$B$5:$B$244,$A10)/H10,0) -> 0.17527746 | J10: =SUMIFS('Danh mục RM'!$H$5:$H$244,'Danh mục RM'!$B$5:$B$244,$A10) -> 2983.1 | K10: =SUMIFS('Danh mục RM'!$J$5:$J$244,'Danh mục RM'!$B$5:$B$244,$A10)+SUMIFS('Danh mục RM'!$K$5:$K$244,'Danh mục RM'!$B$5:$B$244,$A10)+SUMIFS('Danh mục RM'!$L$5:$L$244,'Danh mục RM'!$B$5:$B$244,$A10) -> 118.42 | L10: =IFERROR(K10/C10,0) -> 4.2292857 | M10: 31.7 | N10: =IFERROR(M10/K10,0) -> 0.26769127
A11: Exclusive Tây Hồ | B11: Miền Bắc | C11: =COUNTIF('Danh mục RM'!$B$5:$B$244,$A11) -> 20 | D11: =SUMIFS('Danh mục RM'!$E$5:$E$244,'Danh mục RM'!$B$5:$B$244,$A11) -> 1741 | E11: =IFERROR(D11/C11,0) -> 87.05 | F11: =SUMIFS('Danh mục RM'!$I$5:$I$244,'Danh mục RM'!$B$5:$B$244,$A11) -> 10977.9 | G11: =IFERROR(F11/D11,0) -> 6.3055141 | H11: =SUMIFS('Danh mục RM'!$F$5:$F$244,'Danh mục RM'!$B$5:$B$244,$A11) -> 6694.6 | I11: =IFERROR(SUMIFS('Danh mục RM'!$G$5:$G$244,'Danh mục RM'!$B$5:$B$244,$A11)/H11,0) -> 0.19273743 | J11: =SUMIFS('Danh mục RM'!$H$5:$H$244,'Danh mục RM'!$B$5:$B$244,$A11) -> 1616.3 | K11: =SUMIFS('Danh mục RM'!$J$5:$J$244,'Danh mục RM'!$B$5:$B$244,$A11)+SUMIFS('Danh mục RM'!$K$5:$K$244,'Danh mục RM'!$B$5:$B$244,$A11)+SUMIFS('Danh mục RM'!$L$5:$L$244,'Danh mục RM'!$B$5:$B$244,$A11) -> 80.16 | L11: =IFERROR(K11/C11,0) -> 4.008 | M11: 20.7 | N11: =IFERROR(M11/K11,0) -> 0.25823353
A12: Exclusive Cầu Giấy | B12: Miền Bắc | C12: =COUNTIF('Danh mục RM'!$B$5:$B$244,$A12) -> 18 | D12: =SUMIFS('Danh mục RM'!$E$5:$E$244,'Danh mục RM'!$B$5:$B$244,$A12) -> 1387 | E12: =IFERROR(D12/C12,0) -> 77.055556 | F12: =SUMIFS('Danh mục RM'!$I$5:$I$244,'Danh mục RM'!$B$5:$B$244,$A12) -> 5833.3 | G12: =IFERROR(F12/D12,0) -> 4.2056957 | H12: =SUMIFS('Danh mục RM'!$F$5:$F$244,'Danh mục RM'!$B$5:$B$244,$A12) -> 3513.9 | I12: =IFERROR(SUMIFS('Danh mục RM'!$G$5:$G$244,'Danh mục RM'!$B$5:$B$244,$A12)/H12,0) -> 0.14812601 | J12: =SUMIFS('Danh mục RM'!$H$5:$H$244,'Danh mục RM'!$B$5:$B$244,$A12) -> 1747 | K12: =SUMIFS('Danh mục RM'!$J$5:$J$244,'Danh mục RM'!$B$5:$B$244,$A12)+SUMIFS('Danh mục RM'!$K$5:$K$244,'Danh mục RM'!$B$5:$B$244,$A12)+SUMIFS('Danh mục RM'!$L$5:$L$244,'Danh mục RM'!$B$5:$B$244,$A12) -> 65.44 | L12: =IFERROR(K12/C12,0) -> 3.6355556 | M12: 18.5 | N12: =IFERROR(M12/K12,0) -> 0.28270171
A13: Exclusive Long Biên | B13: Miền Bắc | C13: =COUNTIF('Danh mục RM'!$B$5:$B$244,$A13) -> 14 | D13: =SUMIFS('Danh mục RM'!$E$5:$E$244,'Danh mục RM'!$B$5:$B$244,$A13) -> 1260 | E13: =IFERROR(D13/C13,0) -> 90 | F13: =SUMIFS('Danh mục RM'!$I$5:$I$244,'Danh mục RM'!$B$5:$B$244,$A13) -> 4535.4 | G13: =IFERROR(F13/D13,0) -> 3.5995238 | H13: =SUMIFS('Danh mục RM'!$F$5:$F$244,'Danh mục RM'!$B$5:$B$244,$A13) -> 2893.1 | I13: =IFERROR(SUMIFS('Danh mục RM'!$G$5:$G$244,'Danh mục RM'!$B$5:$B$244,$A13)/H13,0) -> 0.14382496 | J13: =SUMIFS('Danh mục RM'!$H$5:$H$244,'Danh mục RM'!$B$5:$B$244,$A13) -> 1475.8 | K13: =SUMIFS('Danh mục RM'!$J$5:$J$244,'Danh mục RM'!$B$5:$B$244,$A13)+SUMIFS('Danh mục RM'!$K$5:$K$244,'Danh mục RM'!$B$5:$B$244,$A13)+SUMIFS('Danh mục RM'!$L$5:$L$244,'Danh mục RM'!$B$5:$B$244,$A13) -> 58.71 | L13: =IFERROR(K13/C13,0) -> 4.1935714 | M13: 14.7 | N13: =IFERROR(M13/K13,0) -> 0.25038324
A14: Exclusive Hải Châu | B14: Miền Trung | C14: =COUNTIF('Danh mục RM'!$B$5:$B$244,$A14) -> 18 | D14: =SUMIFS('Danh mục RM'!$E$5:$E$244,'Danh mục RM'!$B$5:$B$244,$A14) -> 1404 | E14: =IFERROR(D14/C14,0) -> 78 | F14: =SUMIFS('Danh mục RM'!$I$5:$I$244,'Danh mục RM'!$B$5:$B$244,$A14) -> 5901.5 | G14: =IFERROR(F14/D14,0) -> 4.2033476 | H14: =SUMIFS('Danh mục RM'!$F$5:$F$244,'Danh mục RM'!$B$5:$B$244,$A14) -> 3414.4 | I14: =IFERROR(SUMIFS('Danh mục RM'!$G$5:$G$244,'Danh mục RM'!$B$5:$B$244,$A14)/H14,0) -> 0.14307052 | J14: =SUMIFS('Danh mục RM'!$H$5:$H$244,'Danh mục RM'!$B$5:$B$244,$A14) -> 1540.6 | K14: =SUMIFS('Danh mục RM'!$J$5:$J$244,'Danh mục RM'!$B$5:$B$244,$A14)+SUMIFS('Danh mục RM'!$K$5:$K$244,'Danh mục RM'!$B$5:$B$244,$A14)+SUMIFS('Danh mục RM'!$L$5:$L$244,'Danh mục RM'!$B$5:$B$244,$A14) -> 64.11 | L14: =IFERROR(K14/C14,0) -> 3.5616667 | M14: 20.4 | N14: =IFERROR(M14/K14,0) -> 0.31820309
A15: Exclusive Sơn Trà | B15: Miền Trung | C15: =COUNTIF('Danh mục RM'!$B$5:$B$244,$A15) -> 12 | D15: =SUMIFS('Danh mục RM'!$E$5:$E$244,'Danh mục RM'!$B$5:$B$244,$A15) -> 933 | E15: =IFERROR(D15/C15,0) -> 77.75 | F15: =SUMIFS('Danh mục RM'!$I$5:$I$244,'Danh mục RM'!$B$5:$B$244,$A15) -> 3299.4 | G15: =IFERROR(F15/D15,0) -> 3.5363344 | H15: =SUMIFS('Danh mục RM'!$F$5:$F$244,'Danh mục RM'!$B$5:$B$244,$A15) -> 1978.5 | I15: =IFERROR(SUMIFS('Danh mục RM'!$G$5:$G$244,'Danh mục RM'!$B$5:$B$244,$A15)/H15,0) -> 0.13474855 | J15: =SUMIFS('Danh mục RM'!$H$5:$H$244,'Danh mục RM'!$B$5:$B$244,$A15) -> 899.6 | K15: =SUMIFS('Danh mục RM'!$J$5:$J$244,'Danh mục RM'!$B$5:$B$244,$A15)+SUMIFS('Danh mục RM'!$K$5:$K$244,'Danh mục RM'!$B$5:$B$244,$A15)+SUMIFS('Danh mục RM'!$L$5:$L$244,'Danh mục RM'!$B$5:$B$244,$A15) -> 41.45 | L15: =IFERROR(K15/C15,0) -> 3.4541667 | M15: 12.5 | N15: =IFERROR(M15/K15,0) -> 0.30156815
A16: Exclusive Ninh Kiều | B16: Miền Nam | C16: =COUNTIF('Danh mục RM'!$B$5:$B$244,$A16) -> 24 | D16: =SUMIFS('Danh mục RM'!$E$5:$E$244,'Danh mục RM'!$B$5:$B$244,$A16) -> 1917 | E16: =IFERROR(D16/C16,0) -> 79.875 | F16: =SUMIFS('Danh mục RM'!$I$5:$I$244,'Danh mục RM'!$B$5:$B$244,$A16) -> 6439.6 | G16: =IFERROR(F16/D16,0) -> 3.3592071 | H16: =SUMIFS('Danh mục RM'!$F$5:$F$244,'Danh mục RM'!$B$5:$B$244,$A16) -> 3720.9 | I16: =IFERROR(SUMIFS('Danh mục RM'!$G$5:$G$244,'Danh mục RM'!$B$5:$B$244,$A16)/H16,0) -> 0.11927222 | J16: =SUMIFS('Danh mục RM'!$H$5:$H$244,'Danh mục RM'!$B$5:$B$244,$A16) -> 1734.8 | K16: =SUMIFS('Danh mục RM'!$J$5:$J$244,'Danh mục RM'!$B$5:$B$244,$A16)+SUMIFS('Danh mục RM'!$K$5:$K$244,'Danh mục RM'!$B$5:$B$244,$A16)+SUMIFS('Danh mục RM'!$L$5:$L$244,'Danh mục RM'!$B$5:$B$244,$A16) -> 84.09 | L16: =IFERROR(K16/C16,0) -> 3.50375 | M16: 28.7 | N16: =IFERROR(M16/K16,0) -> 0.34130099
A17: Toàn khối | C17: =SUM(C5:C16) -> 240 | D17: =SUM(D5:D16) -> 19240 | E17: =IFERROR(D17/C17,0) -> 80.166667 | F17: =SUM(F5:F16) -> 98500 | G17: =IFERROR(F17/D17,0) -> 5.1195426 | H17: =SUM(H5:H16) -> 58400 | I17: =IFERROR(SUM('Danh mục RM'!$G$5:$G$244)/H17,0) -> 0.16523973 | J17: =SUM(J5:J16) -> 21600 | K17: =SUM(K5:K16) -> 917 | L17: =IFERROR(K17/C17,0) -> 3.8208333 | M17: =SUM(M5:M16) -> 262 | N17: =IFERROR(M17/K17,0) -> 0.28571429

Sheet Comps
A1: So sánh mảng Khách hàng Ưu tiên với nhóm ngân hàng cùng quy mô - Q3/2026
A2: Nguồn: tổng hợp nội bộ từ báo cáo tài chính và thông tin công bố của các ngân hàng cùng nhóm (đã ẩn danh). Số liệu giả tưởng, chỉ dùng cho mục đích đào tạo.
A4: Ngân hàng | B4: Tổng tài sản (nghìn tỷ) | C4: Tỷ lệ CASA KH Ưu tiên | D4: Tăng trưởng AUM từ đầu năm | E4: Tỷ trọng phí bancassurance / tổng phí | F4: Tăng trưởng phí bancassurance so với cùng kỳ | G4: Tỷ trọng cho vay BĐS và chứng khoán | H4: Tỷ lệ nợ nhóm 2 | I4: Tỷ lệ NPL | J4: CIR mảng Ưu tiên
A5: Ngân hàng cùng nhóm A | B5: 355 | C5: 0.245 | D5: 0.068 | E5: 0.31 | F5: -0.08 | G5: 0.24 | H5: 0.014 | I5: 0.0088 | J5: 0.31
A6: Ngân hàng cùng nhóm B | B6: 298 | C6: 0.272 | D6: 0.081 | E6: 0.27 | F6: -0.12 | G6: 0.22 | H6: 0.012 | I6: 0.0074 | J6: 0.33
A7: Ngân hàng cùng nhóm C | B7: 410 | C7: 0.228 | D7: 0.055 | E7: 0.36 | F7: 0.03 | G7: 0.28 | H7: 0.017 | I7: 0.0105 | J7: 0.29
A8: Ngân hàng cùng nhóm D | B8: 276 | C8: 0.205 | D8: 0.049 | E8: 0.38 | F8: -0.04 | G8: 0.3 | H8: 0.019 | I8: 0.011 | J8: 0.3
A9: Ngân hàng cùng nhóm E | B9: 330 | C9: 0.261 | D9: 0.074 | E9: 0.25 | F9: -0.15 | G9: 0.21 | H9: 0.011 | I9: 0.0069 | J9: 0.34
A10: Ngân hàng của chúng ta | B10: =ROUND(SUMIFS(TrialBalance!$D$5:$D$40,TrialBalance!$C$5:$C$40,"Tài sản")-SUMIFS(TrialBalance!$E$5:$E$40,TrialBalance!$C$5:$C$40,"Tài sản (giảm trừ)"),-3)/1000 -> 328 | C10: =PL_Budget_Actual!D19 -> 0.16523973 | D10: =PL_Budget_Actual!D25/96800-1 -> 0.017561983 | E10: =PL_Budget_Actual!D29 -> 0.52012384 | F10: 0.24 | G10: =PL_Budget_Actual!D22 -> 0.3912037 | H10: =PL_Budget_Actual!D23 -> 0.029 | I10: =PL_Budget_Actual!D24 -> 0.0132 | J10: =PL_Budget_Actual!D30 -> 0.28571429
A11: Trung vị nhóm so sánh (A-E) | B11: =MEDIAN(B5:B9) -> 330 | C11: =MEDIAN(C5:C9) -> 0.245 | D11: =MEDIAN(D5:D9) -> 0.068 | E11: =MEDIAN(E5:E9) -> 0.31 | F11: =MEDIAN(F5:F9) -> -0.08 | G11: =MEDIAN(G5:G9) -> 0.24 | H11: =MEDIAN(H5:H9) -> 0.014 | I11: =MEDIAN(I5:I9) -> 0.0088 | J11: =MEDIAN(J5:J9) -> 0.31
A12: Chênh lệch so với trung vị | C12: =C10-C11 -> -0.079760274 | D12: =D10-D11 -> -0.050438017 | E12: =E10-E11 -> 0.21012384 | F12: =F10-F11 -> 0.32 | G12: =G10-G11 -> 0.1512037 | H12: =H10-H11 -> 0.015 | I12: =I10-I11 -> 0.0044 | J12: =J10-J11 -> -0.024285714
A14: Ghi chú: tăng trưởng phí bancassurance của Ngân hàng so với cùng kỳ (24%) do Phòng Tài chính cung cấp.
